file	area	owner_agent	review_status	receiver_extension_status	helper_model_status	naming_status	type_boundary_status	test_quality_status	comment_status	action_taken	retained_rationale	verification	detected_patterns
grazel-gradle-plugin/src/functionalTest/kotlin/com/grab/grazel/migrate/BuildVariantTest.kt	functionalTest	parent+subagents	fixed	fixed	fixed	fixed	fixed	fixed	fixed	Applied preserving Item41 cleanup in this file.	No retained branch-local issue after cleanup; broader risks are logged separately when applicable.	Focused Item41 tests passed; final gates pending.	domain_receiver_extension,source_string_assertion,type_boundary_candidate
grazel-gradle-plugin/src/functionalTest/kotlin/com/grab/grazel/migrate/SourcePathTest.kt	functionalTest	parent+subagents	retained_problem_essential	retained_problem_essential	retained_problem_essential	retained_problem_essential	retained_problem_essential	retained_problem_essential	retained_problem_essential	Reviewed and retained by Item41 audit.	Functional test asserts generated BUILD/WORKSPACE text, which is the contract under test.	Inventory/subagent audit; final gates pending.	source_string_assertion
grazel-gradle-plugin/src/main/kotlin/com/grab/grazel/bazel/rules/AndroidRules.kt	main	parent+subagents	no_issue	no_issue	no_issue	no_issue	no_issue	no_issue	no_issue	Reviewed by deterministic inventory and scoped Item41 audits.	No preserving branch-local source-shape issue identified.	Inventory/subagent audit; final gates pending.	none
grazel-gradle-plugin/src/main/kotlin/com/grab/grazel/bazel/rules/DaggerRules.kt	main	parent+subagents	no_issue	no_issue	no_issue	no_issue	no_issue	no_issue	no_issue	Reviewed by deterministic inventory and scoped Item41 audits.	No preserving branch-local source-shape issue identified.	Inventory/subagent audit; final gates pending.	none
grazel-gradle-plugin/src/main/kotlin/com/grab/grazel/bazel/rules/MavenRules.kt	main	parent+subagents	no_issue	no_issue	no_issue	no_issue	no_issue	no_issue	no_issue	Reviewed by deterministic inventory and scoped Item41 audits.	No preserving branch-local source-shape issue identified.	Inventory/subagent audit; final gates pending.	domain_receiver_extension
grazel-gradle-plugin/src/main/kotlin/com/grab/grazel/bazel/starlark/BazelDependency.kt	main	parent+subagents	fixed	fixed	fixed	fixed	fixed	fixed	fixed	Applied preserving Item41 cleanup in this file.	No retained branch-local issue after cleanup; broader risks are logged separately when applicable.	Focused Item41 tests passed; final gates pending.	domain_receiver_extension,type_boundary_candidate
grazel-gradle-plugin/src/main/kotlin/com/grab/grazel/bazel/starlark/Statement.kt	main	parent+subagents	retained_problem_essential	retained_problem_essential	retained_problem_essential	retained_problem_essential	retained_problem_essential	retained_problem_essential	retained_problem_essential	Reviewed and retained by Item41 audit.	Collection<T>.quote is an intentional Starlark DSL convenience retained by maintainer direction.	Inventory/subagent audit; final gates pending.	generic_collection_receiver,unchecked_cast,type_boundary_candidate
grazel-gradle-plugin/src/main/kotlin/com/grab/grazel/di/GrazelComponent.kt	main	parent+subagents	fixed	fixed	fixed	fixed	fixed	fixed	fixed	Applied preserving Item41 cleanup in this file.	No retained branch-local issue after cleanup; broader risks are logged separately when applicable.	Focused Item41 tests passed; final gates pending.	none
grazel-gradle-plugin/src/main/kotlin/com/grab/grazel/extension/ExperimentsExtension.kt	main	parent+subagents	no_issue	no_issue	no_issue	no_issue	no_issue	no_issue	no_issue	Reviewed by deterministic inventory and scoped Item41 audits.	No preserving branch-local source-shape issue identified.	Inventory/subagent audit; final gates pending.	unchecked_cast
grazel-gradle-plugin/src/main/kotlin/com/grab/grazel/extension/MavenInstallExtension.kt	main	parent+subagents	fixed	fixed	fixed	fixed	fixed	fixed	fixed	Applied preserving Item41 cleanup in this file.	No retained branch-local issue after cleanup; broader risks are logged separately when applicable.	Focused Item41 tests passed; final gates pending.	type_boundary_candidate
grazel-gradle-plugin/src/main/kotlin/com/grab/grazel/gradle/MigrationCriteria.kt	main	parent+subagents	no_issue	no_issue	no_issue	no_issue	no_issue	no_issue	no_issue	Reviewed by deterministic inventory and scoped Item41 audits.	No preserving branch-local source-shape issue identified.	Inventory/subagent audit; final gates pending.	none
grazel-gradle-plugin/src/main/kotlin/com/grab/grazel/gradle/Repository.kt	main	parent+subagents	no_issue	no_issue	no_issue	no_issue	no_issue	no_issue	no_issue	Reviewed by deterministic inventory and scoped Item41 audits.	No preserving branch-local source-shape issue identified.	Inventory/subagent audit; final gates pending.	domain_receiver_extension,reflection_or_dynamic_access
grazel-gradle-plugin/src/main/kotlin/com/grab/grazel/gradle/dependencies/AggregatedDependencyResolver.kt	main	parent+subagents	fixed	fixed	fixed	fixed	fixed	fixed	fixed	Applied preserving Item41 cleanup in this file.	No retained branch-local issue after cleanup; broader risks are logged separately when applicable.	Focused Item41 tests passed; final gates pending.	none
grazel-gradle-plugin/src/main/kotlin/com/grab/grazel/gradle/dependencies/AggregatedDependencyRoot.kt	main	parent+subagents	no_issue	no_issue	no_issue	no_issue	no_issue	no_issue	no_issue	Reviewed by deterministic inventory and scoped Item41 audits.	No preserving branch-local source-shape issue identified.	Inventory/subagent audit; final gates pending.	unchecked_cast,type_boundary_candidate
grazel-gradle-plugin/src/main/kotlin/com/grab/grazel/gradle/dependencies/BucketOwnershipPlanner.kt	main	parent+subagents	no_issue	no_issue	no_issue	no_issue	no_issue	no_issue	no_issue	Reviewed by deterministic inventory and scoped Item41 audits.	No preserving branch-local source-shape issue identified.	Inventory/subagent audit; final gates pending.	domain_receiver_extension,private_helper_model
grazel-gradle-plugin/src/main/kotlin/com/grab/grazel/gradle/dependencies/BucketSetMath.kt	main	parent+subagents	no_issue	no_issue	no_issue	no_issue	no_issue	no_issue	no_issue	Reviewed by deterministic inventory and scoped Item41 audits.	No preserving branch-local source-shape issue identified.	Inventory/subagent audit; final gates pending.	domain_receiver_extension
grazel-gradle-plugin/src/main/kotlin/com/grab/grazel/gradle/dependencies/ComputeWorkspaceDependencies.kt	main	parent+subagents	no_issue	no_issue	no_issue	no_issue	no_issue	no_issue	no_issue	Reviewed by deterministic inventory and scoped Item41 audits.	No preserving branch-local source-shape issue identified.	Inventory/subagent audit; final gates pending.	unchecked_cast
grazel-gradle-plugin/src/main/kotlin/com/grab/grazel/gradle/dependencies/DeclaredDependencyMetadataCollector.kt	main	parent+subagents	fixed	fixed	fixed	fixed	fixed	fixed	fixed	Applied preserving Item41 cleanup in this file.	No retained branch-local issue after cleanup; broader risks are logged separately when applicable.	Focused Item41 tests passed; final gates pending.	domain_receiver_extension,type_boundary_candidate
grazel-gradle-plugin/src/main/kotlin/com/grab/grazel/gradle/dependencies/DefaultBucketDependencyReducer.kt	main	parent+subagents	no_issue	no_issue	no_issue	no_issue	no_issue	no_issue	no_issue	Reviewed by deterministic inventory and scoped Item41 audits.	No preserving branch-local source-shape issue identified.	Inventory/subagent audit; final gates pending.	none
grazel-gradle-plugin/src/main/kotlin/com/grab/grazel/gradle/dependencies/DefaultOverrideCarrierPlanner.kt	main	parent+subagents	no_issue	no_issue	no_issue	no_issue	no_issue	no_issue	no_issue	Reviewed by deterministic inventory and scoped Item41 audits.	No preserving branch-local source-shape issue identified.	Inventory/subagent audit; final gates pending.	domain_receiver_extension
grazel-gradle-plugin/src/main/kotlin/com/grab/grazel/gradle/dependencies/Dependencies.kt	main	parent+subagents	no_issue	no_issue	no_issue	no_issue	no_issue	no_issue	no_issue	Reviewed by deterministic inventory and scoped Item41 audits.	No preserving branch-local source-shape issue identified.	Inventory/subagent audit; final gates pending.	unchecked_cast,type_boundary_candidate
grazel-gradle-plugin/src/main/kotlin/com/grab/grazel/gradle/dependencies/DependenciesGraphsBuilder.kt	main	parent+subagents	no_issue	no_issue	no_issue	no_issue	no_issue	no_issue	no_issue	Reviewed by deterministic inventory and scoped Item41 audits.	No preserving branch-local source-shape issue identified.	Inventory/subagent audit; final gates pending.	none
grazel-gradle-plugin/src/main/kotlin/com/grab/grazel/gradle/dependencies/DependenciesModule.kt	main	parent+subagents	no_issue	no_issue	no_issue	no_issue	no_issue	no_issue	no_issue	Reviewed by deterministic inventory and scoped Item41 audits.	No preserving branch-local source-shape issue identified.	Inventory/subagent audit; final gates pending.	domain_receiver_extension
grazel-gradle-plugin/src/main/kotlin/com/grab/grazel/gradle/dependencies/DependencyBucketPlacementEngine.kt	main	parent+subagents	no_issue	no_issue	no_issue	no_issue	no_issue	no_issue	no_issue	Reviewed by deterministic inventory and scoped Item41 audits.	No preserving branch-local source-shape issue identified.	Inventory/subagent audit; final gates pending.	domain_receiver_extension,type_boundary_candidate
grazel-gradle-plugin/src/main/kotlin/com/grab/grazel/gradle/dependencies/DependencyGraphs.kt	main	parent+subagents	no_issue	no_issue	no_issue	no_issue	no_issue	no_issue	no_issue	Reviewed by deterministic inventory and scoped Item41 audits.	No preserving branch-local source-shape issue identified.	Inventory/subagent audit; final gates pending.	domain_receiver_extension
grazel-gradle-plugin/src/main/kotlin/com/grab/grazel/gradle/dependencies/DependencyIdentity.kt	main	parent+subagents	no_issue	no_issue	no_issue	no_issue	no_issue	no_issue	no_issue	Reviewed by deterministic inventory and scoped Item41 audits.	No preserving branch-local source-shape issue identified.	Inventory/subagent audit; final gates pending.	none
grazel-gradle-plugin/src/main/kotlin/com/grab/grazel/gradle/dependencies/DependencyResolutionService.kt	main	parent+subagents	deferred_requires_behavior_change	deferred_requires_behavior_change	deferred_requires_behavior_change	deferred_requires_behavior_change	deferred_requires_behavior_change	deferred_requires_behavior_change	deferred_requires_behavior_change	Reviewed and deferred from preserving Item41 scope.	Central resolved-coordinate model helper would change shared model surface; defer with typed dependency-notation cleanup.	Inventory/subagent audit; final gates pending.	reflection_or_dynamic_access
grazel-gradle-plugin/src/main/kotlin/com/grab/grazel/gradle/dependencies/KspProcessorClassExtractor.kt	main	parent+subagents	no_issue	no_issue	no_issue	no_issue	no_issue	no_issue	no_issue	Reviewed by deterministic inventory and scoped Item41 audits.	No preserving branch-local source-shape issue identified.	Inventory/subagent audit; final gates pending.	type_boundary_candidate
grazel-gradle-plugin/src/main/kotlin/com/grab/grazel/gradle/dependencies/MavenInstallOverrideTargets.kt	main	parent+subagents	no_issue	no_issue	no_issue	no_issue	no_issue	no_issue	no_issue	Reviewed by deterministic inventory and scoped Item41 audits.	No preserving branch-local source-shape issue identified.	Inventory/subagent audit; final gates pending.	domain_receiver_extension
grazel-gradle-plugin/src/main/kotlin/com/grab/grazel/gradle/dependencies/MavenInstallRootArtifacts.kt	main	parent+subagents	no_issue	no_issue	no_issue	no_issue	no_issue	no_issue	no_issue	Reviewed by deterministic inventory and scoped Item41 audits.	No preserving branch-local source-shape issue identified.	Inventory/subagent audit; final gates pending.	domain_receiver_extension
grazel-gradle-plugin/src/main/kotlin/com/grab/grazel/gradle/dependencies/MavenInstallStore.kt	main	parent+subagents	no_issue	no_issue	no_issue	no_issue	no_issue	no_issue	no_issue	Reviewed by deterministic inventory and scoped Item41 audits.	No preserving branch-local source-shape issue identified.	Inventory/subagent audit; final gates pending.	private_helper_model
grazel-gradle-plugin/src/main/kotlin/com/grab/grazel/gradle/dependencies/OverrideTargets.kt	main	parent+subagents	no_issue	no_issue	no_issue	no_issue	no_issue	no_issue	no_issue	Reviewed by deterministic inventory and scoped Item41 audits.	No preserving branch-local source-shape issue identified.	Inventory/subagent audit; final gates pending.	none
grazel-gradle-plugin/src/main/kotlin/com/grab/grazel/gradle/dependencies/ResolvedComponentsVisitor.kt	main	parent+subagents	deferred_requires_behavior_change	deferred_requires_behavior_change	deferred_requires_behavior_change	deferred_requires_behavior_change	deferred_requires_behavior_change	deferred_requires_behavior_change	deferred_requires_behavior_change	Reviewed and deferred from preserving Item41 scope.	Typed Gradle component ID rewrite is a broader graph-model cleanup; repository-name access still uses Gradle internal API.	Inventory/subagent audit; final gates pending.	private_helper_model,type_boundary_candidate
grazel-gradle-plugin/src/main/kotlin/com/grab/grazel/gradle/dependencies/TargetReferenceFactsCollector.kt	main	parent+subagents	no_issue	no_issue	no_issue	no_issue	no_issue	no_issue	no_issue	Reviewed by deterministic inventory and scoped Item41 audits.	No preserving branch-local source-shape issue identified.	Inventory/subagent audit; final gates pending.	domain_receiver_extension
grazel-gradle-plugin/src/main/kotlin/com/grab/grazel/gradle/dependencies/TopologicalSorter.kt	main	parent+subagents	no_issue	no_issue	no_issue	no_issue	no_issue	no_issue	no_issue	Reviewed by deterministic inventory and scoped Item41 audits.	No preserving branch-local source-shape issue identified.	Inventory/subagent audit; final gates pending.	domain_receiver_extension
grazel-gradle-plugin/src/main/kotlin/com/grab/grazel/gradle/dependencies/TransitiveDependenciesStore.kt	main	parent+subagents	no_issue	no_issue	no_issue	no_issue	no_issue	no_issue	no_issue	Reviewed by deterministic inventory and scoped Item41 audits.	No preserving branch-local source-shape issue identified.	Inventory/subagent audit; final gates pending.	none
grazel-gradle-plugin/src/main/kotlin/com/grab/grazel/gradle/dependencies/WorkspaceDependencyRootInputPlanner.kt	main	parent+subagents	no_issue	no_issue	no_issue	no_issue	no_issue	no_issue	no_issue	Reviewed by deterministic inventory and scoped Item41 audits.	No preserving branch-local source-shape issue identified.	Inventory/subagent audit; final gates pending.	domain_receiver_extension
grazel-gradle-plugin/src/main/kotlin/com/grab/grazel/gradle/dependencies/WorkspacePlanBuilder.kt	main	parent+subagents	no_issue	no_issue	no_issue	no_issue	no_issue	no_issue	no_issue	Reviewed by deterministic inventory and scoped Item41 audits.	No preserving branch-local source-shape issue identified.	Inventory/subagent audit; final gates pending.	none
grazel-gradle-plugin/src/main/kotlin/com/grab/grazel/gradle/dependencies/WorkspacePlanService.kt	main	parent+subagents	no_issue	no_issue	no_issue	no_issue	no_issue	no_issue	no_issue	Reviewed by deterministic inventory and scoped Item41 audits.	No preserving branch-local source-shape issue identified.	Inventory/subagent audit; final gates pending.	reflection_or_dynamic_access
grazel-gradle-plugin/src/main/kotlin/com/grab/grazel/gradle/dependencies/WorkspaceRenderPlanBuilder.kt	main	parent+subagents	no_issue	no_issue	no_issue	no_issue	no_issue	no_issue	no_issue	Reviewed by deterministic inventory and scoped Item41 audits.	No preserving branch-local source-shape issue identified.	Inventory/subagent audit; final gates pending.	domain_receiver_extension,type_boundary_candidate
grazel-gradle-plugin/src/main/kotlin/com/grab/grazel/gradle/dependencies/WorkspaceRenderPlanService.kt	main	parent+subagents	no_issue	no_issue	no_issue	no_issue	no_issue	no_issue	no_issue	Reviewed by deterministic inventory and scoped Item41 audits.	No preserving branch-local source-shape issue identified.	Inventory/subagent audit; final gates pending.	reflection_or_dynamic_access
grazel-gradle-plugin/src/main/kotlin/com/grab/grazel/gradle/dependencies/WorkspaceTargetTagPlanCollector.kt	main	parent+subagents	no_issue	no_issue	no_issue	no_issue	no_issue	no_issue	no_issue	Reviewed by deterministic inventory and scoped Item41 audits.	No preserving branch-local source-shape issue identified.	Inventory/subagent audit; final gates pending.	private_helper_model
grazel-gradle-plugin/src/main/kotlin/com/grab/grazel/gradle/dependencies/WorkspaceTargetTagPlanService.kt	main	parent+subagents	fixed	fixed	fixed	fixed	fixed	fixed	fixed	Applied preserving Item41 cleanup in this file.	No retained branch-local issue after cleanup; broader risks are logged separately when applicable.	Focused Item41 tests passed; final gates pending.	reflection_or_dynamic_access
grazel-gradle-plugin/src/main/kotlin/com/grab/grazel/gradle/dependencies/model/ResolveDependenciesResult.kt	main	parent+subagents	fixed	fixed	fixed	fixed	fixed	fixed	fixed	Applied preserving Item41 cleanup in this file.	No retained branch-local issue after cleanup; broader risks are logged separately when applicable.	Focused Item41 tests passed; final gates pending.	unchecked_cast
grazel-gradle-plugin/src/main/kotlin/com/grab/grazel/gradle/dependencies/model/WorkspacePlan.kt	main	parent+subagents	deferred_requires_behavior_change	deferred_requires_behavior_change	deferred_requires_behavior_change	deferred_requires_behavior_change	deferred_requires_behavior_change	deferred_requires_behavior_change	deferred_requires_behavior_change	Reviewed and deferred from preserving Item41 scope.	TargetTagKey VariantType typing changes serialized JSON model and should be a dedicated compatibility item.	Inventory/subagent audit; final gates pending.	none
grazel-gradle-plugin/src/main/kotlin/com/grab/grazel/gradle/variant/BucketHierarchyGraph.kt	main	parent+subagents	no_issue	no_issue	no_issue	no_issue	no_issue	no_issue	no_issue	Reviewed by deterministic inventory and scoped Item41 audits.	No preserving branch-local source-shape issue identified.	Inventory/subagent audit; final gates pending.	domain_receiver_extension,private_helper_model
grazel-gradle-plugin/src/main/kotlin/com/grab/grazel/gradle/variant/ConfigurationParsingVariant.kt	main	parent+subagents	no_issue	no_issue	no_issue	no_issue	no_issue	no_issue	no_issue	Reviewed by deterministic inventory and scoped Item41 audits.	No preserving branch-local source-shape issue identified.	Inventory/subagent audit; final gates pending.	domain_receiver_extension,source_string_assertion,type_boundary_candidate
grazel-gradle-plugin/src/main/kotlin/com/grab/grazel/gradle/variant/Variant.kt	main	parent+subagents	retained_problem_essential	retained_problem_essential	retained_problem_essential	retained_problem_essential	retained_problem_essential	retained_problem_essential	retained_problem_essential	Reviewed and retained by Item41 audit.	safeWorkspace configuration fallback is behavior-sensitive AGP compatibility and needs a dedicated item before narrowing.	Inventory/subagent audit; final gates pending.	source_string_assertion,generic_model_name
grazel-gradle-plugin/src/main/kotlin/com/grab/grazel/gradle/variant/VariantBuilder.kt	main	parent+subagents	no_issue	no_issue	no_issue	no_issue	no_issue	no_issue	no_issue	Reviewed by deterministic inventory and scoped Item41 audits.	No preserving branch-local source-shape issue identified.	Inventory/subagent audit; final gates pending.	none
grazel-gradle-plugin/src/main/kotlin/com/grab/grazel/gradle/variant/VariantDependencyConfigurationRoles.kt	main	parent+subagents	no_issue	no_issue	no_issue	no_issue	no_issue	no_issue	no_issue	Reviewed by deterministic inventory and scoped Item41 audits.	No preserving branch-local source-shape issue identified.	Inventory/subagent audit; final gates pending.	domain_receiver_extension,type_boundary_candidate
grazel-gradle-plugin/src/main/kotlin/com/grab/grazel/gradle/variant/VariantMatcher.kt	main	parent+subagents	no_issue	no_issue	no_issue	no_issue	no_issue	no_issue	no_issue	Reviewed by deterministic inventory and scoped Item41 audits.	No preserving branch-local source-shape issue identified.	Inventory/subagent audit; final gates pending.	unchecked_cast
grazel-gradle-plugin/src/main/kotlin/com/grab/grazel/gradle/variant/WorkspaceKspConfigurations.kt	main	parent+subagents	fixed	fixed	fixed	fixed	fixed	fixed	fixed	Applied preserving Item41 cleanup in this file.	No retained branch-local issue after cleanup; broader risks are logged separately when applicable.	Focused Item41 tests passed; final gates pending.	private_helper_model
grazel-gradle-plugin/src/main/kotlin/com/grab/grazel/maven/MavenRepositoryPath.kt	main	parent+subagents	no_issue	no_issue	no_issue	no_issue	no_issue	no_issue	no_issue	Reviewed by deterministic inventory and scoped Item41 audits.	No preserving branch-local source-shape issue identified.	Inventory/subagent audit; final gates pending.	type_boundary_candidate
grazel-gradle-plugin/src/main/kotlin/com/grab/grazel/maven/MavenRepositoryUrl.kt	main	parent+subagents	no_issue	no_issue	no_issue	no_issue	no_issue	no_issue	no_issue	Reviewed by deterministic inventory and scoped Item41 audits.	No preserving branch-local source-shape issue identified.	Inventory/subagent audit; final gates pending.	none
grazel-gradle-plugin/src/main/kotlin/com/grab/grazel/migrate/BazelTarget.kt	main	parent+subagents	no_issue	no_issue	no_issue	no_issue	no_issue	no_issue	no_issue	Reviewed by deterministic inventory and scoped Item41 audits.	No preserving branch-local source-shape issue identified.	Inventory/subagent audit; final gates pending.	none
grazel-gradle-plugin/src/main/kotlin/com/grab/grazel/migrate/android/AndroidExtractor.kt	main	parent+subagents	fixed	fixed	fixed	fixed	fixed	fixed	fixed	Applied preserving Item41 cleanup in this file.	No retained branch-local issue after cleanup; broader risks are logged separately when applicable.	Focused Item41 tests passed; final gates pending.	none
grazel-gradle-plugin/src/main/kotlin/com/grab/grazel/migrate/android/AndroidInstrumentationBinaryData.kt	main	parent+subagents	no_issue	no_issue	no_issue	no_issue	no_issue	no_issue	no_issue	Reviewed by deterministic inventory and scoped Item41 audits.	No preserving branch-local source-shape issue identified.	Inventory/subagent audit; final gates pending.	generic_model_name
grazel-gradle-plugin/src/main/kotlin/com/grab/grazel/migrate/android/AndroidInstrumentationBinaryDataExtractor.kt	main	parent+subagents	deferred_requires_behavior_change	deferred_requires_behavior_change	deferred_requires_behavior_change	deferred_requires_behavior_change	deferred_requires_behavior_change	deferred_requires_behavior_change	deferred_requires_behavior_change	Reviewed and deferred from preserving Item41 scope.	targetPackage .test suffix handling is behavior-changing for IDs containing .test and needs regression coverage.	Inventory/subagent audit; final gates pending.	none
grazel-gradle-plugin/src/main/kotlin/com/grab/grazel/migrate/android/AndroidInstrumentationBinaryTarget.kt	main	parent+subagents	no_issue	no_issue	no_issue	no_issue	no_issue	no_issue	no_issue	Reviewed by deterministic inventory and scoped Item41 audits.	No preserving branch-local source-shape issue identified.	Inventory/subagent audit; final gates pending.	none
grazel-gradle-plugin/src/main/kotlin/com/grab/grazel/migrate/android/AndroidTarget.kt	main	parent+subagents	no_issue	no_issue	no_issue	no_issue	no_issue	no_issue	no_issue	Reviewed by deterministic inventory and scoped Item41 audits.	No preserving branch-local source-shape issue identified.	Inventory/subagent audit; final gates pending.	none
grazel-gradle-plugin/src/main/kotlin/com/grab/grazel/migrate/android/AndroidTestDataExtractor.kt	main	parent+subagents	fixed	fixed	fixed	fixed	fixed	fixed	fixed	Applied preserving Item41 cleanup in this file.	No retained branch-local issue after cleanup; broader risks are logged separately when applicable.	Focused Item41 tests passed; final gates pending.	none
grazel-gradle-plugin/src/main/kotlin/com/grab/grazel/migrate/android/AndroidTestTarget.kt	main	parent+subagents	no_issue	no_issue	no_issue	no_issue	no_issue	no_issue	no_issue	Reviewed by deterministic inventory and scoped Item41 audits.	No preserving branch-local source-shape issue identified.	Inventory/subagent audit; final gates pending.	none
grazel-gradle-plugin/src/main/kotlin/com/grab/grazel/migrate/android/AndroidUnitTestDataExtractor.kt	main	parent+subagents	fixed	fixed	fixed	fixed	fixed	fixed	fixed	Applied preserving Item41 cleanup in this file.	No retained branch-local issue after cleanup; broader risks are logged separately when applicable.	Focused Item41 tests passed; final gates pending.	none
grazel-gradle-plugin/src/main/kotlin/com/grab/grazel/migrate/android/ManifestValuesBuilder.kt	main	parent+subagents	fixed	fixed	fixed	fixed	fixed	fixed	fixed	Applied preserving Item41 cleanup in this file.	No retained branch-local issue after cleanup; broader risks are logged separately when applicable.	Focused Item41 tests passed; final gates pending.	none
grazel-gradle-plugin/src/main/kotlin/com/grab/grazel/migrate/dependencies/ArtifactPinner.kt	main	parent+subagents	fixed	fixed	fixed	fixed	fixed	fixed	fixed	Applied preserving Item41 cleanup in this file.	No retained branch-local issue after cleanup; broader risks are logged separately when applicable.	Focused Item41 tests passed; final gates pending.	reflection_or_dynamic_access,unchecked_cast,source_string_assertion,type_boundary_candidate
grazel-gradle-plugin/src/main/kotlin/com/grab/grazel/migrate/dependencies/BaselineLockfileFactsMerger.kt	main	parent+subagents	deferred_requires_behavior_change	deferred_requires_behavior_change	deferred_requires_behavior_change	deferred_requires_behavior_change	deferred_requires_behavior_change	deferred_requires_behavior_change	deferred_requires_behavior_change	Reviewed and deferred from preserving Item41 scope.	RJE lockfile field constants/model cleanup is hash-sensitive and covered by the pending lockfile JSON spec.	Inventory/subagent audit; final gates pending.	type_boundary_candidate
grazel-gradle-plugin/src/main/kotlin/com/grab/grazel/migrate/dependencies/ClasspathReduction.kt	main	parent+subagents	no_issue	no_issue	no_issue	no_issue	no_issue	no_issue	no_issue	Reviewed by deterministic inventory and scoped Item41 audits.	No preserving branch-local source-shape issue identified.	Inventory/subagent audit; final gates pending.	none
grazel-gradle-plugin/src/main/kotlin/com/grab/grazel/migrate/dependencies/LocalMavenPinningWorkspace.kt	main	parent+subagents	no_issue	no_issue	no_issue	no_issue	no_issue	no_issue	no_issue	Reviewed by deterministic inventory and scoped Item41 audits.	No preserving branch-local source-shape issue identified.	Inventory/subagent audit; final gates pending.	source_string_assertion,type_boundary_candidate
grazel-gradle-plugin/src/main/kotlin/com/grab/grazel/migrate/dependencies/LocalMavenResolutionPinContext.kt	main	parent+subagents	no_issue	no_issue	no_issue	no_issue	no_issue	no_issue	no_issue	Reviewed by deterministic inventory and scoped Item41 audits.	No preserving branch-local source-shape issue identified.	Inventory/subagent audit; final gates pending.	generic_model_name
grazel-gradle-plugin/src/main/kotlin/com/grab/grazel/migrate/dependencies/MavenInstallArtifactsCalculator.kt	main	parent+subagents	no_issue	no_issue	no_issue	no_issue	no_issue	no_issue	no_issue	Reviewed by deterministic inventory and scoped Item41 audits.	No preserving branch-local source-shape issue identified.	Inventory/subagent audit; final gates pending.	reflection_or_dynamic_access,type_boundary_candidate
grazel-gradle-plugin/src/main/kotlin/com/grab/grazel/migrate/dependencies/MavenInstallData.kt	main	parent+subagents	no_issue	no_issue	no_issue	no_issue	no_issue	no_issue	no_issue	Reviewed by deterministic inventory and scoped Item41 audits.	No preserving branch-local source-shape issue identified.	Inventory/subagent audit; final gates pending.	generic_model_name
grazel-gradle-plugin/src/main/kotlin/com/grab/grazel/migrate/dependencies/MavenInstallLockfileArtifactKey.kt	main	parent+subagents	no_issue	no_issue	no_issue	no_issue	no_issue	no_issue	no_issue	Reviewed by deterministic inventory and scoped Item41 audits.	No preserving branch-local source-shape issue identified.	Inventory/subagent audit; final gates pending.	none
grazel-gradle-plugin/src/main/kotlin/com/grab/grazel/migrate/dependencies/MavenInstallLockfileReconstructor.kt	main	parent+subagents	deferred_requires_behavior_change	deferred_requires_behavior_change	deferred_requires_behavior_change	deferred_requires_behavior_change	deferred_requires_behavior_change	deferred_requires_behavior_change	deferred_requires_behavior_change	Reviewed and deferred from preserving Item41 scope.	Manual RJE lockfile JSON handling is hash-sensitive and covered by the pending lockfile JSON spec.	Inventory/subagent audit; final gates pending.	none
grazel-gradle-plugin/src/main/kotlin/com/grab/grazel/migrate/dependencies/MavenInstallRepositoryRewrite.kt	main	parent+subagents	no_issue	no_issue	no_issue	no_issue	no_issue	no_issue	no_issue	Reviewed by deterministic inventory and scoped Item41 audits.	No preserving branch-local source-shape issue identified.	Inventory/subagent audit; final gates pending.	none
grazel-gradle-plugin/src/main/kotlin/com/grab/grazel/migrate/dependencies/MavenInstallWorkspaceRepositoryRewriter.kt	main	parent+subagents	no_issue	no_issue	no_issue	no_issue	no_issue	no_issue	no_issue	Reviewed by deterministic inventory and scoped Item41 audits.	No preserving branch-local source-shape issue identified.	Inventory/subagent audit; final gates pending.	type_boundary_candidate
grazel-gradle-plugin/src/main/kotlin/com/grab/grazel/migrate/dependencies/MavenLockfileRepositoryUrlRewriter.kt	main	parent+subagents	no_issue	no_issue	no_issue	no_issue	no_issue	no_issue	no_issue	Reviewed by deterministic inventory and scoped Item41 audits.	No preserving branch-local source-shape issue identified.	Inventory/subagent audit; final gates pending.	type_boundary_candidate
grazel-gradle-plugin/src/main/kotlin/com/grab/grazel/migrate/dependencies/PomPackagingSkipNormalizer.kt	main	parent+subagents	no_issue	no_issue	no_issue	no_issue	no_issue	no_issue	no_issue	Reviewed by deterministic inventory and scoped Item41 audits.	No preserving branch-local source-shape issue identified.	Inventory/subagent audit; final gates pending.	none
grazel-gradle-plugin/src/main/kotlin/com/grab/grazel/migrate/dependencies/Repository.kt	main	parent+subagents	no_issue	no_issue	no_issue	no_issue	no_issue	no_issue	no_issue	Reviewed by deterministic inventory and scoped Item41 audits.	No preserving branch-local source-shape issue identified.	Inventory/subagent audit; final gates pending.	type_boundary_candidate
grazel-gradle-plugin/src/main/kotlin/com/grab/grazel/migrate/dependencies/RulesJvmExternalLockfile.kt	main	parent+subagents	no_issue	no_issue	no_issue	no_issue	no_issue	no_issue	no_issue	Reviewed by deterministic inventory and scoped Item41 audits.	No preserving branch-local source-shape issue identified.	Inventory/subagent audit; final gates pending.	type_boundary_candidate
grazel-gradle-plugin/src/main/kotlin/com/grab/grazel/migrate/dependencies/RulesJvmExternalLockfileHasher.kt	main	parent+subagents	deferred_requires_behavior_change	deferred_requires_behavior_change	deferred_requires_behavior_change	deferred_requires_behavior_change	deferred_requires_behavior_change	deferred_requires_behavior_change	deferred_requires_behavior_change	Reviewed and deferred from preserving Item41 scope.	RJE hash state/model cleanup is hash-sensitive and covered by the pending lockfile JSON spec.	Inventory/subagent audit; final gates pending.	generic_model_name,type_boundary_candidate
grazel-gradle-plugin/src/main/kotlin/com/grab/grazel/migrate/dependencies/RulesJvmExternalLockfileRenderer.kt	main	parent+subagents	deferred_requires_behavior_change	deferred_requires_behavior_change	deferred_requires_behavior_change	deferred_requires_behavior_change	deferred_requires_behavior_change	deferred_requires_behavior_change	deferred_requires_behavior_change	Reviewed and deferred from preserving Item41 scope.	Manual RJE rendering is retained until the hash-compatible typed renderer spec lands.	Inventory/subagent audit; final gates pending.	type_boundary_candidate
grazel-gradle-plugin/src/main/kotlin/com/grab/grazel/migrate/dependencies/StarlarkRepr.kt	main	parent+subagents	no_issue	no_issue	no_issue	no_issue	no_issue	no_issue	no_issue	Reviewed by deterministic inventory and scoped Item41 audits.	No preserving branch-local source-shape issue identified.	Inventory/subagent audit; final gates pending.	none
grazel-gradle-plugin/src/main/kotlin/com/grab/grazel/migrate/dependencies/UrlRewriter.kt	main	parent+subagents	no_issue	no_issue	no_issue	no_issue	no_issue	no_issue	no_issue	Reviewed by deterministic inventory and scoped Item41 audits.	No preserving branch-local source-shape issue identified.	Inventory/subagent audit; final gates pending.	none
grazel-gradle-plugin/src/main/kotlin/com/grab/grazel/migrate/internal/ProjectBazelFileBuilder.kt	main	parent+subagents	no_issue	no_issue	no_issue	no_issue	no_issue	no_issue	no_issue	Reviewed by deterministic inventory and scoped Item41 audits.	No preserving branch-local source-shape issue identified.	Inventory/subagent audit; final gates pending.	none
grazel-gradle-plugin/src/main/kotlin/com/grab/grazel/migrate/internal/WorkspaceBuilder.kt	main	parent+subagents	no_issue	no_issue	no_issue	no_issue	no_issue	no_issue	no_issue	Reviewed by deterministic inventory and scoped Item41 audits.	No preserving branch-local source-shape issue identified.	Inventory/subagent audit; final gates pending.	domain_receiver_extension
grazel-gradle-plugin/src/main/kotlin/com/grab/grazel/migrate/kotlin/KotlinLibraryTarget.kt	main	parent+subagents	no_issue	no_issue	no_issue	no_issue	no_issue	no_issue	no_issue	Reviewed by deterministic inventory and scoped Item41 audits.	No preserving branch-local source-shape issue identified.	Inventory/subagent audit; final gates pending.	none
grazel-gradle-plugin/src/main/kotlin/com/grab/grazel/migrate/kotlin/KotlinProjectDataExtractor.kt	main	parent+subagents	fixed	fixed	fixed	fixed	fixed	fixed	fixed	Applied preserving Item41 cleanup in this file.	No retained branch-local issue after cleanup; broader risks are logged separately when applicable.	Focused Item41 tests passed; final gates pending.	source_string_assertion
grazel-gradle-plugin/src/main/kotlin/com/grab/grazel/migrate/kotlin/KotlinUnitTestDataExtractor.kt	main	parent+subagents	fixed	fixed	fixed	fixed	fixed	fixed	fixed	Applied preserving Item41 cleanup in this file.	No retained branch-local issue after cleanup; broader risks are logged separately when applicable.	Focused Item41 tests passed; final gates pending.	source_string_assertion
grazel-gradle-plugin/src/main/kotlin/com/grab/grazel/migrate/target/AndroidBinaryTargetBuilder.kt	main	parent+subagents	no_issue	no_issue	no_issue	no_issue	no_issue	no_issue	no_issue	Reviewed by deterministic inventory and scoped Item41 audits.	No preserving branch-local source-shape issue identified.	Inventory/subagent audit; final gates pending.	none
grazel-gradle-plugin/src/main/kotlin/com/grab/grazel/migrate/target/AndroidInstrumentationBinaryTargetBuilder.kt	main	parent+subagents	no_issue	no_issue	no_issue	no_issue	no_issue	no_issue	no_issue	Reviewed by deterministic inventory and scoped Item41 audits.	No preserving branch-local source-shape issue identified.	Inventory/subagent audit; final gates pending.	domain_receiver_extension
grazel-gradle-plugin/src/main/kotlin/com/grab/grazel/migrate/target/AndroidLibraryTargetBuilder.kt	main	parent+subagents	deferred_requires_behavior_change	deferred_requires_behavior_change	deferred_requires_behavior_change	deferred_requires_behavior_change	deferred_requires_behavior_change	deferred_requires_behavior_change	deferred_requires_behavior_change	Reviewed and deferred from preserving Item41 scope.	Shared target-data planning with facts extraction is architecture work, not a safe hygiene edit.	Inventory/subagent audit; final gates pending.	domain_receiver_extension
grazel-gradle-plugin/src/main/kotlin/com/grab/grazel/migrate/target/AndroidTestTargetBuilder.kt	main	parent+subagents	no_issue	no_issue	no_issue	no_issue	no_issue	no_issue	no_issue	Reviewed by deterministic inventory and scoped Item41 audits.	No preserving branch-local source-shape issue identified.	Inventory/subagent audit; final gates pending.	none
grazel-gradle-plugin/src/main/kotlin/com/grab/grazel/migrate/target/KotlinLibraryTargetBuilder.kt	main	parent+subagents	no_issue	no_issue	no_issue	no_issue	no_issue	no_issue	no_issue	Reviewed by deterministic inventory and scoped Item41 audits.	No preserving branch-local source-shape issue identified.	Inventory/subagent audit; final gates pending.	domain_receiver_extension
grazel-gradle-plugin/src/main/kotlin/com/grab/grazel/migrate/target/TargetModule.kt	main	parent+subagents	no_issue	no_issue	no_issue	no_issue	no_issue	no_issue	no_issue	Reviewed by deterministic inventory and scoped Item41 audits.	No preserving branch-local source-shape issue identified.	Inventory/subagent audit; final gates pending.	none
grazel-gradle-plugin/src/main/kotlin/com/grab/grazel/migrate/target/TargetReferenceFactsExtractor.kt	main	parent+subagents	deferred_requires_behavior_change	deferred_requires_behavior_change	deferred_requires_behavior_change	deferred_requires_behavior_change	deferred_requires_behavior_change	deferred_requires_behavior_change	deferred_requires_behavior_change	Reviewed and deferred from preserving Item41 scope.	Shared target-data planning with target builders is architecture work, not a safe hygiene edit.	Inventory/subagent audit; final gates pending.	domain_receiver_extension
grazel-gradle-plugin/src/main/kotlin/com/grab/grazel/migrate/target/TargetVariantReachability.kt	main	parent+subagents	deferred_requires_behavior_change	deferred_requires_behavior_change	deferred_requires_behavior_change	deferred_requires_behavior_change	deferred_requires_behavior_change	deferred_requires_behavior_change	deferred_requires_behavior_change	Reviewed and deferred from preserving Item41 scope.	Replacing suffix parsing with typed variant role needs a target reachability model change.	Inventory/subagent audit; final gates pending.	domain_receiver_extension,type_boundary_candidate
grazel-gradle-plugin/src/main/kotlin/com/grab/grazel/proxy/LocalMavenProxyServer.kt	main	parent+subagents	no_issue	no_issue	no_issue	no_issue	no_issue	no_issue	no_issue	Reviewed by deterministic inventory and scoped Item41 audits.	No preserving branch-local source-shape issue identified.	Inventory/subagent audit; final gates pending.	unchecked_cast,type_boundary_candidate
grazel-gradle-plugin/src/main/kotlin/com/grab/grazel/proxy/LocalMavenProxyService.kt	main	parent+subagents	deferred_requires_behavior_change	deferred_requires_behavior_change	deferred_requires_behavior_change	deferred_requires_behavior_change	deferred_requires_behavior_change	deferred_requires_behavior_change	deferred_requires_behavior_change	Reviewed and deferred from preserving Item41 scope.	Proxy test-only planner seams need a focused proxy API cleanup to avoid altering pinning flow.	Inventory/subagent audit; final gates pending.	private_helper_model,reflection_or_dynamic_access
grazel-gradle-plugin/src/main/kotlin/com/grab/grazel/proxy/LocalMavenResolvedFacts.kt	main	parent+subagents	no_issue	no_issue	no_issue	no_issue	no_issue	no_issue	no_issue	Reviewed by deterministic inventory and scoped Item41 audits.	No preserving branch-local source-shape issue identified.	Inventory/subagent audit; final gates pending.	reflection_or_dynamic_access
grazel-gradle-plugin/src/main/kotlin/com/grab/grazel/proxy/MavenInstallLockfileFallbackIndex.kt	main	parent+subagents	deferred_requires_behavior_change	deferred_requires_behavior_change	deferred_requires_behavior_change	deferred_requires_behavior_change	deferred_requires_behavior_change	deferred_requires_behavior_change	deferred_requires_behavior_change	Reviewed and deferred from preserving Item41 scope.	Lockfile fallback index depends on RJE lockfile model cleanup and proxy package boundary follow-up.	Inventory/subagent audit; final gates pending.	source_string_assertion,type_boundary_candidate
grazel-gradle-plugin/src/main/kotlin/com/grab/grazel/tasks/internal/AnalyzeVariantCompressionTask.kt	main	parent+subagents	fixed	fixed	fixed	fixed	fixed	fixed	fixed	Applied preserving Item41 cleanup in this file.	No retained branch-local issue after cleanup; broader risks are logged separately when applicable.	Focused Item41 tests passed; final gates pending.	private_helper_model
grazel-gradle-plugin/src/main/kotlin/com/grab/grazel/tasks/internal/BuildifierFormatter.kt	main	parent+subagents	no_issue	no_issue	no_issue	no_issue	no_issue	no_issue	no_issue	Reviewed by deterministic inventory and scoped Item41 audits.	No preserving branch-local source-shape issue identified.	Inventory/subagent audit; final gates pending.	none
grazel-gradle-plugin/src/main/kotlin/com/grab/grazel/tasks/internal/CollectDeclaredDependencyMetadataTask.kt	main	parent+subagents	no_issue	no_issue	no_issue	no_issue	no_issue	no_issue	no_issue	Reviewed by deterministic inventory and scoped Item41 audits.	No preserving branch-local source-shape issue identified.	Inventory/subagent audit; final gates pending.	private_helper_model
grazel-gradle-plugin/src/main/kotlin/com/grab/grazel/tasks/internal/CollectKspProcessorDependenciesTask.kt	main	parent+subagents	deferred_requires_behavior_change	deferred_requires_behavior_change	deferred_requires_behavior_change	deferred_requires_behavior_change	deferred_requires_behavior_change	deferred_requires_behavior_change	deferred_requires_behavior_change	Reviewed and deferred from preserving Item41 scope.	Live Gradle graph inputs/cacheability tradeoff is intentionally retained; changing it is an architecture item.	Inventory/subagent audit; final gates pending.	reflection_or_dynamic_access,type_boundary_candidate
grazel-gradle-plugin/src/main/kotlin/com/grab/grazel/tasks/internal/CollectTargetMavenRepoReferencesTask.kt	main	parent+subagents	no_issue	no_issue	no_issue	no_issue	no_issue	no_issue	no_issue	Reviewed by deterministic inventory and scoped Item41 audits.	No preserving branch-local source-shape issue identified.	Inventory/subagent audit; final gates pending.	none
grazel-gradle-plugin/src/main/kotlin/com/grab/grazel/tasks/internal/CollectWorkspaceDependencyRootMetadataTask.kt	main	parent+subagents	fixed	fixed	fixed	fixed	fixed	fixed	fixed	Applied preserving Item41 cleanup in this file.	No retained branch-local issue after cleanup; broader risks are logged separately when applicable.	Focused Item41 tests passed; final gates pending.	type_boundary_candidate
grazel-gradle-plugin/src/main/kotlin/com/grab/grazel/tasks/internal/CollectWorkspaceTargetTagPlanTask.kt	main	parent+subagents	no_issue	no_issue	no_issue	no_issue	no_issue	no_issue	no_issue	Reviewed by deterministic inventory and scoped Item41 audits.	No preserving branch-local source-shape issue identified.	Inventory/subagent audit; final gates pending.	none
grazel-gradle-plugin/src/main/kotlin/com/grab/grazel/tasks/internal/ComputeWorkspaceDependenciesTask.kt	main	parent+subagents	no_issue	no_issue	no_issue	no_issue	no_issue	no_issue	no_issue	Reviewed by deterministic inventory and scoped Item41 audits.	No preserving branch-local source-shape issue identified.	Inventory/subagent audit; final gates pending.	none
grazel-gradle-plugin/src/main/kotlin/com/grab/grazel/tasks/internal/ComputeWorkspacePlanTask.kt	main	parent+subagents	no_issue	no_issue	no_issue	no_issue	no_issue	no_issue	no_issue	Reviewed by deterministic inventory and scoped Item41 audits.	No preserving branch-local source-shape issue identified.	Inventory/subagent audit; final gates pending.	none
grazel-gradle-plugin/src/main/kotlin/com/grab/grazel/tasks/internal/FinalizeWorkspacePlanTask.kt	main	parent+subagents	no_issue	no_issue	no_issue	no_issue	no_issue	no_issue	no_issue	Reviewed by deterministic inventory and scoped Item41 audits.	No preserving branch-local source-shape issue identified.	Inventory/subagent audit; final gates pending.	none
grazel-gradle-plugin/src/main/kotlin/com/grab/grazel/tasks/internal/GenerateBazelScriptsTask.kt	main	parent+subagents	fixed	fixed	fixed	fixed	fixed	fixed	fixed	Applied preserving Item41 cleanup in this file.	No retained branch-local issue after cleanup; broader risks are logged separately when applicable.	Focused Item41 tests passed; final gates pending.	none
grazel-gradle-plugin/src/main/kotlin/com/grab/grazel/tasks/internal/GenerateRootBazelScriptsTask.kt	main	parent+subagents	fixed	fixed	fixed	fixed	fixed	fixed	fixed	Applied preserving Item41 cleanup in this file.	No retained branch-local issue after cleanup; broader risks are logged separately when applicable.	Focused Item41 tests passed; final gates pending.	none
grazel-gradle-plugin/src/main/kotlin/com/grab/grazel/tasks/internal/PinMavenArtifactsTask.kt	main	parent+subagents	no_issue	no_issue	no_issue	no_issue	no_issue	no_issue	no_issue	Reviewed by deterministic inventory and scoped Item41 audits.	No preserving branch-local source-shape issue identified.	Inventory/subagent audit; final gates pending.	reflection_or_dynamic_access,type_boundary_candidate
grazel-gradle-plugin/src/main/kotlin/com/grab/grazel/tasks/internal/ResolveWorkspaceDependenciesTask.kt	main	parent+subagents	deferred_requires_behavior_change	deferred_requires_behavior_change	deferred_requires_behavior_change	deferred_requires_behavior_change	deferred_requires_behavior_change	deferred_requires_behavior_change	deferred_requires_behavior_change	Reviewed and deferred from preserving Item41 scope.	Live ResolvedComponentResult input is intentionally retained per maintainer decision; changing it is an architecture item.	Inventory/subagent audit; final gates pending.	none
grazel-gradle-plugin/src/main/kotlin/com/grab/grazel/tasks/internal/TasksManager.kt	main	parent+subagents	no_issue	no_issue	no_issue	no_issue	no_issue	no_issue	no_issue	Reviewed by deterministic inventory and scoped Item41 audits.	No preserving branch-local source-shape issue identified.	Inventory/subagent audit; final gates pending.	none
grazel-gradle-plugin/src/main/kotlin/com/grab/grazel/tasks/internal/WorkspaceDependencyInputsRegistrar.kt	main	parent+subagents	no_issue	no_issue	no_issue	no_issue	no_issue	no_issue	no_issue	Reviewed by deterministic inventory and scoped Item41 audits.	No preserving branch-local source-shape issue identified.	Inventory/subagent audit; final gates pending.	reflection_or_dynamic_access
grazel-gradle-plugin/src/main/kotlin/com/grab/grazel/util/ProgressLogger.kt	main	parent+subagents	retained_problem_essential	retained_problem_essential	retained_problem_essential	retained_problem_essential	retained_problem_essential	retained_problem_essential	retained_problem_essential	Reviewed and retained by Item41 audit.	ProgressLoggerFactory receiver helpers are role-specific Gradle API helpers, not hidden collection receivers.	Inventory/subagent audit; final gates pending.	reflection_or_dynamic_access
grazel-gradle-plugin/src/main/kotlin/com/grab/grazel/util/ProgressReporter.kt	main	parent+subagents	no_issue	no_issue	no_issue	no_issue	no_issue	no_issue	no_issue	Reviewed by deterministic inventory and scoped Item41 audits.	No preserving branch-local source-shape issue identified.	Inventory/subagent audit; final gates pending.	none
grazel-gradle-plugin/src/test/kotlin/com/grab/grazel/bazel/rules/MavenRulesTest.kt	test	parent+subagents	no_issue	no_issue	no_issue	no_issue	no_issue	no_issue	no_issue	Reviewed by deterministic inventory and scoped Item41 audits.	No preserving branch-local source-shape issue identified.	Inventory/subagent audit; final gates pending.	none
grazel-gradle-plugin/src/test/kotlin/com/grab/grazel/bazel/starlark/StatementWriterTest.kt	test	parent+subagents	no_issue	no_issue	no_issue	no_issue	no_issue	no_issue	no_issue	Reviewed by deterministic inventory and scoped Item41 audits.	No preserving branch-local source-shape issue identified.	Inventory/subagent audit; final gates pending.	source_string_assertion
grazel-gradle-plugin/src/test/kotlin/com/grab/grazel/extension/ExperimentsExtensionTest.kt	test	parent+subagents	no_issue	no_issue	no_issue	no_issue	no_issue	no_issue	no_issue	Reviewed by deterministic inventory and scoped Item41 audits.	No preserving branch-local source-shape issue identified.	Inventory/subagent audit; final gates pending.	unchecked_cast
grazel-gradle-plugin/src/test/kotlin/com/grab/grazel/fake/FakeDependencyGraphs.kt	test	parent+subagents	no_issue	no_issue	no_issue	no_issue	no_issue	no_issue	no_issue	Reviewed by deterministic inventory and scoped Item41 audits.	No preserving branch-local source-shape issue identified.	Inventory/subagent audit; final gates pending.	none
grazel-gradle-plugin/src/test/kotlin/com/grab/grazel/fake/FakeProgressLoggerFactory.kt	test	parent+subagents	no_issue	no_issue	no_issue	no_issue	no_issue	no_issue	no_issue	Reviewed by deterministic inventory and scoped Item41 audits.	No preserving branch-local source-shape issue identified.	Inventory/subagent audit; final gates pending.	none
grazel-gradle-plugin/src/test/kotlin/com/grab/grazel/fake/FakeWorkerExecutor.kt	test	parent+subagents	fixed	fixed	fixed	fixed	fixed	fixed	fixed	Applied preserving Item41 cleanup in this file.	No retained branch-local issue after cleanup; broader risks are logged separately when applicable.	Focused Item41 tests passed; final gates pending.	none
grazel-gradle-plugin/src/test/kotlin/com/grab/grazel/fake/Fakes.kt	test	parent+subagents	no_issue	no_issue	no_issue	no_issue	no_issue	no_issue	no_issue	Reviewed by deterministic inventory and scoped Item41 audits.	No preserving branch-local source-shape issue identified.	Inventory/subagent audit; final gates pending.	type_boundary_candidate
grazel-gradle-plugin/src/test/kotlin/com/grab/grazel/gradle/DefaultDependenciesDataSourceTest.kt	test	parent+subagents	no_issue	no_issue	no_issue	no_issue	no_issue	no_issue	no_issue	Reviewed by deterministic inventory and scoped Item41 audits.	No preserving branch-local source-shape issue identified.	Inventory/subagent audit; final gates pending.	unchecked_cast,source_string_assertion,comment_or_context_artifact,type_boundary_candidate
grazel-gradle-plugin/src/test/kotlin/com/grab/grazel/gradle/RepositoryAuthTest.kt	test	parent+subagents	no_issue	no_issue	no_issue	no_issue	no_issue	no_issue	no_issue	Reviewed by deterministic inventory and scoped Item41 audits.	No preserving branch-local source-shape issue identified.	Inventory/subagent audit; final gates pending.	unchecked_cast
grazel-gradle-plugin/src/test/kotlin/com/grab/grazel/gradle/dependencies/AggregatedDependencyResolverTest.kt	test	parent+subagents	fixed	fixed	fixed	fixed	fixed	fixed	fixed	Applied preserving Item41 cleanup in this file.	No retained branch-local issue after cleanup; broader risks are logged separately when applicable.	Focused Item41 tests passed; final gates pending.	unchecked_cast,source_string_assertion
grazel-gradle-plugin/src/test/kotlin/com/grab/grazel/gradle/dependencies/BucketOwnershipPlannerTest.kt	test	parent+subagents	no_issue	no_issue	no_issue	no_issue	no_issue	no_issue	no_issue	Reviewed by deterministic inventory and scoped Item41 audits.	No preserving branch-local source-shape issue identified.	Inventory/subagent audit; final gates pending.	unchecked_cast
grazel-gradle-plugin/src/test/kotlin/com/grab/grazel/gradle/dependencies/ComputeWorkspaceDependenciesTest.kt	test	parent+subagents	no_issue	no_issue	no_issue	no_issue	no_issue	no_issue	no_issue	Reviewed by deterministic inventory and scoped Item41 audits.	No preserving branch-local source-shape issue identified.	Inventory/subagent audit; final gates pending.	none
grazel-gradle-plugin/src/test/kotlin/com/grab/grazel/gradle/dependencies/DeclaredDependencyMetadataCollectorTest.kt	test	parent+subagents	no_issue	no_issue	no_issue	no_issue	no_issue	no_issue	no_issue	Reviewed by deterministic inventory and scoped Item41 audits.	No preserving branch-local source-shape issue identified.	Inventory/subagent audit; final gates pending.	unchecked_cast
grazel-gradle-plugin/src/test/kotlin/com/grab/grazel/gradle/dependencies/DeclaredDependencyMetadataMergerTest.kt	test	parent+subagents	no_issue	no_issue	no_issue	no_issue	no_issue	no_issue	no_issue	Reviewed by deterministic inventory and scoped Item41 audits.	No preserving branch-local source-shape issue identified.	Inventory/subagent audit; final gates pending.	none
grazel-gradle-plugin/src/test/kotlin/com/grab/grazel/gradle/dependencies/DefaultBucketDependencyReducerTest.kt	test	parent+subagents	no_issue	no_issue	no_issue	no_issue	no_issue	no_issue	no_issue	Reviewed by deterministic inventory and scoped Item41 audits.	No preserving branch-local source-shape issue identified.	Inventory/subagent audit; final gates pending.	none
grazel-gradle-plugin/src/test/kotlin/com/grab/grazel/gradle/dependencies/DefaultDependencyGraphsTest.kt	test	parent+subagents	no_issue	no_issue	no_issue	no_issue	no_issue	no_issue	no_issue	Reviewed by deterministic inventory and scoped Item41 audits.	No preserving branch-local source-shape issue identified.	Inventory/subagent audit; final gates pending.	unchecked_cast
grazel-gradle-plugin/src/test/kotlin/com/grab/grazel/gradle/dependencies/DefaultDependencyResolutionServiceTest.kt	test	parent+subagents	no_issue	no_issue	no_issue	no_issue	no_issue	no_issue	no_issue	Reviewed by deterministic inventory and scoped Item41 audits.	No preserving branch-local source-shape issue identified.	Inventory/subagent audit; final gates pending.	source_string_assertion,comment_or_context_artifact
grazel-gradle-plugin/src/test/kotlin/com/grab/grazel/gradle/dependencies/DefaultOverrideCarrierPlannerTest.kt	test	parent+subagents	no_issue	no_issue	no_issue	no_issue	no_issue	no_issue	no_issue	Reviewed by deterministic inventory and scoped Item41 audits.	No preserving branch-local source-shape issue identified.	Inventory/subagent audit; final gates pending.	none
grazel-gradle-plugin/src/test/kotlin/com/grab/grazel/gradle/dependencies/DependenciesDataSourceTest.kt	test	parent+subagents	retained_problem_essential	retained_problem_essential	retained_problem_essential	retained_problem_essential	retained_problem_essential	retained_problem_essential	retained_problem_essential	Reviewed and retained by Item41 audit.	Reflection is a negative API-surface guard proving old resolver methods are absent.	Inventory/subagent audit; final gates pending.	reflection_or_dynamic_access
grazel-gradle-plugin/src/test/kotlin/com/grab/grazel/gradle/dependencies/DependencyBucketPlacementEngineTest.kt	test	parent+subagents	no_issue	no_issue	no_issue	no_issue	no_issue	no_issue	no_issue	Reviewed by deterministic inventory and scoped Item41 audits.	No preserving branch-local source-shape issue identified.	Inventory/subagent audit; final gates pending.	unchecked_cast
grazel-gradle-plugin/src/test/kotlin/com/grab/grazel/gradle/dependencies/JvmProjectGraphKeyTest.kt	test	parent+subagents	no_issue	no_issue	no_issue	no_issue	no_issue	no_issue	no_issue	Reviewed by deterministic inventory and scoped Item41 audits.	No preserving branch-local source-shape issue identified.	Inventory/subagent audit; final gates pending.	none
grazel-gradle-plugin/src/test/kotlin/com/grab/grazel/gradle/dependencies/KspProcessorClassExtractorTest.kt	test	parent+subagents	no_issue	no_issue	no_issue	no_issue	no_issue	no_issue	no_issue	Reviewed by deterministic inventory and scoped Item41 audits.	No preserving branch-local source-shape issue identified.	Inventory/subagent audit; final gates pending.	comment_or_context_artifact
grazel-gradle-plugin/src/test/kotlin/com/grab/grazel/gradle/dependencies/ResolvedComponentsVisitorTest.kt	test	parent+subagents	no_issue	no_issue	no_issue	no_issue	no_issue	no_issue	no_issue	Reviewed by deterministic inventory and scoped Item41 audits.	No preserving branch-local source-shape issue identified.	Inventory/subagent audit; final gates pending.	comment_or_context_artifact,type_boundary_candidate
grazel-gradle-plugin/src/test/kotlin/com/grab/grazel/gradle/dependencies/TargetReferenceFactsCollectorTest.kt	test	parent+subagents	no_issue	no_issue	no_issue	no_issue	no_issue	no_issue	no_issue	Reviewed by deterministic inventory and scoped Item41 audits.	No preserving branch-local source-shape issue identified.	Inventory/subagent audit; final gates pending.	comment_or_context_artifact
grazel-gradle-plugin/src/test/kotlin/com/grab/grazel/gradle/dependencies/TopologicalSorterTest.kt	test	parent+subagents	no_issue	no_issue	no_issue	no_issue	no_issue	no_issue	no_issue	Reviewed by deterministic inventory and scoped Item41 audits.	No preserving branch-local source-shape issue identified.	Inventory/subagent audit; final gates pending.	unchecked_cast,source_string_assertion
grazel-gradle-plugin/src/test/kotlin/com/grab/grazel/gradle/dependencies/WorkspaceDependencyRootInputPlannerTest.kt	test	parent+subagents	no_issue	no_issue	no_issue	no_issue	no_issue	no_issue	no_issue	Reviewed by deterministic inventory and scoped Item41 audits.	No preserving branch-local source-shape issue identified.	Inventory/subagent audit; final gates pending.	private_helper_model
grazel-gradle-plugin/src/test/kotlin/com/grab/grazel/gradle/dependencies/WorkspacePlanBuilderTest.kt	test	parent+subagents	no_issue	no_issue	no_issue	no_issue	no_issue	no_issue	no_issue	Reviewed by deterministic inventory and scoped Item41 audits.	No preserving branch-local source-shape issue identified.	Inventory/subagent audit; final gates pending.	unchecked_cast
grazel-gradle-plugin/src/test/kotlin/com/grab/grazel/gradle/dependencies/WorkspaceRenderPlanBuilderTest.kt	test	parent+subagents	no_issue	no_issue	no_issue	no_issue	no_issue	no_issue	no_issue	Reviewed by deterministic inventory and scoped Item41 audits.	No preserving branch-local source-shape issue identified.	Inventory/subagent audit; final gates pending.	none
grazel-gradle-plugin/src/test/kotlin/com/grab/grazel/gradle/dependencies/WorkspaceTargetTagPlanCollectorTest.kt	test	parent+subagents	no_issue	no_issue	no_issue	no_issue	no_issue	no_issue	no_issue	Reviewed by deterministic inventory and scoped Item41 audits.	No preserving branch-local source-shape issue identified.	Inventory/subagent audit; final gates pending.	none
grazel-gradle-plugin/src/test/kotlin/com/grab/grazel/gradle/dependencies/model/ResolvedDependencyTest.kt	test	parent+subagents	fixed	fixed	fixed	fixed	fixed	fixed	fixed	Applied preserving Item41 cleanup in this file.	No retained branch-local issue after cleanup; broader risks are logged separately when applicable.	Focused Item41 tests passed; final gates pending.	none
grazel-gradle-plugin/src/test/kotlin/com/grab/grazel/gradle/variant/BucketHierarchyGraphTest.kt	test	parent+subagents	no_issue	no_issue	no_issue	no_issue	no_issue	no_issue	no_issue	Reviewed by deterministic inventory and scoped Item41 audits.	No preserving branch-local source-shape issue identified.	Inventory/subagent audit; final gates pending.	unchecked_cast
grazel-gradle-plugin/src/test/kotlin/com/grab/grazel/gradle/variant/DefaultVariantBuilderTest.kt	test	parent+subagents	fixed	fixed	fixed	fixed	fixed	fixed	fixed	Applied preserving Item41 cleanup in this file.	No retained branch-local issue after cleanup; broader risks are logged separately when applicable.	Focused Item41 tests passed; final gates pending.	private_helper_model,source_string_assertion
grazel-gradle-plugin/src/test/kotlin/com/grab/grazel/gradle/variant/DefaultVariantMatcherTest.kt	test	parent+subagents	fixed	fixed	fixed	fixed	fixed	fixed	fixed	Applied preserving Item41 cleanup in this file.	No retained branch-local issue after cleanup; broader risks are logged separately when applicable.	Focused Item41 tests passed; final gates pending.	none
grazel-gradle-plugin/src/test/kotlin/com/grab/grazel/gradle/variant/VariantDependencyConfigurationRolesTest.kt	test	parent+subagents	no_issue	no_issue	no_issue	no_issue	no_issue	no_issue	no_issue	Reviewed by deterministic inventory and scoped Item41 audits.	No preserving branch-local source-shape issue identified.	Inventory/subagent audit; final gates pending.	domain_receiver_extension,project_extension
grazel-gradle-plugin/src/test/kotlin/com/grab/grazel/gradle/variant/VariantTest.kt	test	parent+subagents	no_issue	no_issue	no_issue	no_issue	no_issue	no_issue	no_issue	Reviewed by deterministic inventory and scoped Item41 audits.	No preserving branch-local source-shape issue identified.	Inventory/subagent audit; final gates pending.	source_string_assertion,type_boundary_candidate
grazel-gradle-plugin/src/test/kotlin/com/grab/grazel/gradle/variant/WorkspaceKspProcessorClasspathPlannerTest.kt	test	parent+subagents	no_issue	no_issue	no_issue	no_issue	no_issue	no_issue	no_issue	Reviewed by deterministic inventory and scoped Item41 audits.	No preserving branch-local source-shape issue identified.	Inventory/subagent audit; final gates pending.	domain_receiver_extension,project_extension
grazel-gradle-plugin/src/test/kotlin/com/grab/grazel/migrate/AndroidWorkspaceRepositoriesTest.kt	test	parent+subagents	no_issue	no_issue	no_issue	no_issue	no_issue	no_issue	no_issue	Reviewed by deterministic inventory and scoped Item41 audits.	No preserving branch-local source-shape issue identified.	Inventory/subagent audit; final gates pending.	source_string_assertion
grazel-gradle-plugin/src/test/kotlin/com/grab/grazel/migrate/DaggerWorkspaceRuleTest.kt	test	parent+subagents	fixed	fixed	fixed	fixed	fixed	fixed	fixed	Applied preserving Item41 cleanup in this file.	No retained branch-local issue after cleanup; broader risks are logged separately when applicable.	Focused Item41 tests passed; final gates pending.	none
grazel-gradle-plugin/src/test/kotlin/com/grab/grazel/migrate/KotlinWorkspaceRulesTest.kt	test	parent+subagents	no_issue	no_issue	no_issue	no_issue	no_issue	no_issue	no_issue	Reviewed by deterministic inventory and scoped Item41 audits.	No preserving branch-local source-shape issue identified.	Inventory/subagent audit; final gates pending.	source_string_assertion
grazel-gradle-plugin/src/test/kotlin/com/grab/grazel/migrate/android/AndroidInstrumentationBinaryDataExtractorTest.kt	test	parent+subagents	no_issue	no_issue	no_issue	no_issue	no_issue	no_issue	no_issue	Reviewed by deterministic inventory and scoped Item41 audits.	No preserving branch-local source-shape issue identified.	Inventory/subagent audit; final gates pending.	source_string_assertion,comment_or_context_artifact
grazel-gradle-plugin/src/test/kotlin/com/grab/grazel/migrate/android/AndroidTestTargetTest.kt	test	parent+subagents	no_issue	no_issue	no_issue	no_issue	no_issue	no_issue	no_issue	Reviewed by deterministic inventory and scoped Item41 audits.	No preserving branch-local source-shape issue identified.	Inventory/subagent audit; final gates pending.	source_string_assertion
grazel-gradle-plugin/src/test/kotlin/com/grab/grazel/migrate/android/DefaultAndroidLibraryDataExtractorTest.kt	test	parent+subagents	no_issue	no_issue	no_issue	no_issue	no_issue	no_issue	no_issue	Reviewed by deterministic inventory and scoped Item41 audits.	No preserving branch-local source-shape issue identified.	Inventory/subagent audit; final gates pending.	unchecked_cast,source_string_assertion,type_boundary_candidate
grazel-gradle-plugin/src/test/kotlin/com/grab/grazel/migrate/android/DefaultAndroidTestDataExtractorTest.kt	test	parent+subagents	no_issue	no_issue	no_issue	no_issue	no_issue	no_issue	no_issue	Reviewed by deterministic inventory and scoped Item41 audits.	No preserving branch-local source-shape issue identified.	Inventory/subagent audit; final gates pending.	source_string_assertion,comment_or_context_artifact
grazel-gradle-plugin/src/test/kotlin/com/grab/grazel/migrate/android/DefaultAndroidUnitTestDataExtractorTest.kt	test	parent+subagents	no_issue	no_issue	no_issue	no_issue	no_issue	no_issue	no_issue	Reviewed by deterministic inventory and scoped Item41 audits.	No preserving branch-local source-shape issue identified.	Inventory/subagent audit; final gates pending.	source_string_assertion,comment_or_context_artifact,type_boundary_candidate
grazel-gradle-plugin/src/test/kotlin/com/grab/grazel/migrate/dependencies/DefaultArtifactPinnerTest.kt	test	parent+subagents	fixed	fixed	fixed	fixed	fixed	fixed	fixed	Applied preserving Item41 cleanup in this file.	No retained branch-local issue after cleanup; broader risks are logged separately when applicable.	Focused Item41 tests passed; final gates pending.	source_string_assertion,comment_or_context_artifact
grazel-gradle-plugin/src/test/kotlin/com/grab/grazel/migrate/dependencies/LocalMavenPinningWorkspaceTest.kt	test	parent+subagents	no_issue	no_issue	no_issue	no_issue	no_issue	no_issue	no_issue	Reviewed by deterministic inventory and scoped Item41 audits.	No preserving branch-local source-shape issue identified.	Inventory/subagent audit; final gates pending.	unchecked_cast,source_string_assertion,comment_or_context_artifact
grazel-gradle-plugin/src/test/kotlin/com/grab/grazel/migrate/dependencies/MavenInstallArtifactsCalculatorTest.kt	test	parent+subagents	no_issue	no_issue	no_issue	no_issue	no_issue	no_issue	no_issue	Reviewed by deterministic inventory and scoped Item41 audits.	No preserving branch-local source-shape issue identified.	Inventory/subagent audit; final gates pending.	domain_receiver_extension,reflection_or_dynamic_access,unchecked_cast
grazel-gradle-plugin/src/test/kotlin/com/grab/grazel/migrate/dependencies/MavenInstallLockfileReconstructorTest.kt	test	parent+subagents	deferred_requires_behavior_change	deferred_requires_behavior_change	deferred_requires_behavior_change	deferred_requires_behavior_change	deferred_requires_behavior_change	deferred_requires_behavior_change	deferred_requires_behavior_change	Reviewed and deferred from preserving Item41 scope.	String lockfile assertions should move to parsed JSON/model assertions with the pending lockfile JSON spec.	Inventory/subagent audit; final gates pending.	unchecked_cast,source_string_assertion
grazel-gradle-plugin/src/test/kotlin/com/grab/grazel/migrate/dependencies/MavenInstallWorkspaceRepositoryRewriterTest.kt	test	parent+subagents	no_issue	no_issue	no_issue	no_issue	no_issue	no_issue	no_issue	Reviewed by deterministic inventory and scoped Item41 audits.	No preserving branch-local source-shape issue identified.	Inventory/subagent audit; final gates pending.	none
grazel-gradle-plugin/src/test/kotlin/com/grab/grazel/migrate/dependencies/RulesJvmExternalLockfileRendererTest.kt	test	parent+subagents	no_issue	no_issue	no_issue	no_issue	no_issue	no_issue	no_issue	Reviewed by deterministic inventory and scoped Item41 audits.	No preserving branch-local source-shape issue identified.	Inventory/subagent audit; final gates pending.	type_boundary_candidate
grazel-gradle-plugin/src/test/kotlin/com/grab/grazel/migrate/dependencies/RulesJvmExternalLockfileTransformsTest.kt	test	parent+subagents	no_issue	no_issue	no_issue	no_issue	no_issue	no_issue	no_issue	Reviewed by deterministic inventory and scoped Item41 audits.	No preserving branch-local source-shape issue identified.	Inventory/subagent audit; final gates pending.	none
grazel-gradle-plugin/src/test/kotlin/com/grab/grazel/migrate/dependencies/StarlarkReprTest.kt	test	parent+subagents	no_issue	no_issue	no_issue	no_issue	no_issue	no_issue	no_issue	Reviewed by deterministic inventory and scoped Item41 audits.	No preserving branch-local source-shape issue identified.	Inventory/subagent audit; final gates pending.	none
grazel-gradle-plugin/src/test/kotlin/com/grab/grazel/migrate/target/TargetReferenceFactsDataMappingTest.kt	test	parent+subagents	no_issue	no_issue	no_issue	no_issue	no_issue	no_issue	no_issue	Reviewed by deterministic inventory and scoped Item41 audits.	No preserving branch-local source-shape issue identified.	Inventory/subagent audit; final gates pending.	none
grazel-gradle-plugin/src/test/kotlin/com/grab/grazel/migrate/target/TargetVariantReachabilityTest.kt	test	parent+subagents	no_issue	no_issue	no_issue	no_issue	no_issue	no_issue	no_issue	Reviewed by deterministic inventory and scoped Item41 audits.	No preserving branch-local source-shape issue identified.	Inventory/subagent audit; final gates pending.	none
grazel-gradle-plugin/src/test/kotlin/com/grab/grazel/proxy/LocalMavenProxyServerTest.kt	test	parent+subagents	no_issue	no_issue	no_issue	no_issue	no_issue	no_issue	no_issue	Reviewed by deterministic inventory and scoped Item41 audits.	No preserving branch-local source-shape issue identified.	Inventory/subagent audit; final gates pending.	unchecked_cast,source_string_assertion,comment_or_context_artifact,type_boundary_candidate
grazel-gradle-plugin/src/test/kotlin/com/grab/grazel/proxy/LocalMavenProxyServiceTest.kt	test	parent+subagents	no_issue	no_issue	no_issue	no_issue	no_issue	no_issue	no_issue	Reviewed by deterministic inventory and scoped Item41 audits.	No preserving branch-local source-shape issue identified.	Inventory/subagent audit; final gates pending.	none
grazel-gradle-plugin/src/test/kotlin/com/grab/grazel/proxy/LocalMavenResolvedFactsTest.kt	test	parent+subagents	no_issue	no_issue	no_issue	no_issue	no_issue	no_issue	no_issue	Reviewed by deterministic inventory and scoped Item41 audits.	No preserving branch-local source-shape issue identified.	Inventory/subagent audit; final gates pending.	reflection_or_dynamic_access,comment_or_context_artifact
grazel-gradle-plugin/src/test/kotlin/com/grab/grazel/proxy/MavenInstallLockfileFallbackIndexTest.kt	test	parent+subagents	no_issue	no_issue	no_issue	no_issue	no_issue	no_issue	no_issue	Reviewed by deterministic inventory and scoped Item41 audits.	No preserving branch-local source-shape issue identified.	Inventory/subagent audit; final gates pending.	comment_or_context_artifact
grazel-gradle-plugin/src/test/kotlin/com/grab/grazel/tasks/internal/CollectDeclaredDependencyMetadataTaskTest.kt	test	parent+subagents	no_issue	no_issue	no_issue	no_issue	no_issue	no_issue	no_issue	Reviewed by deterministic inventory and scoped Item41 audits.	No preserving branch-local source-shape issue identified.	Inventory/subagent audit; final gates pending.	reflection_or_dynamic_access,unchecked_cast,type_boundary_candidate
grazel-gradle-plugin/src/test/kotlin/com/grab/grazel/tasks/internal/CollectKspProcessorDependenciesTaskTest.kt	test	parent+subagents	retained_problem_essential	retained_problem_essential	retained_problem_essential	retained_problem_essential	retained_problem_essential	retained_problem_essential	retained_problem_essential	Reviewed and retained by Item41 audit.	Reflection checks Gradle task annotation/API surface, the Item41-allowed reflection case.	Inventory/subagent audit; final gates pending.	reflection_or_dynamic_access,unchecked_cast,comment_or_context_artifact
grazel-gradle-plugin/src/test/kotlin/com/grab/grazel/tasks/internal/ComputeWorkspaceDependenciesTaskTest.kt	test	parent+subagents	no_issue	no_issue	no_issue	no_issue	no_issue	no_issue	no_issue	Reviewed by deterministic inventory and scoped Item41 audits.	No preserving branch-local source-shape issue identified.	Inventory/subagent audit; final gates pending.	reflection_or_dynamic_access
grazel-gradle-plugin/src/test/kotlin/com/grab/grazel/tasks/internal/PinMavenArtifactsTaskTest.kt	test	parent+subagents	no_issue	no_issue	no_issue	no_issue	no_issue	no_issue	no_issue	Reviewed by deterministic inventory and scoped Item41 audits.	No preserving branch-local source-shape issue identified.	Inventory/subagent audit; final gates pending.	none
grazel-gradle-plugin/src/test/kotlin/com/grab/grazel/tasks/internal/ResolveWorkspaceDependenciesTaskTest.kt	test	parent+subagents	retained_problem_essential	retained_problem_essential	retained_problem_essential	retained_problem_essential	retained_problem_essential	retained_problem_essential	retained_problem_essential	Reviewed and retained by Item41 audit.	Reflection checks Gradle task annotation/API surface, the Item41-allowed reflection case.	Inventory/subagent audit; final gates pending.	reflection_or_dynamic_access
grazel-gradle-plugin/src/test/kotlin/com/grab/grazel/tasks/internal/WorkspacePlanTasksTest.kt	test	parent+subagents	fixed	fixed	fixed	fixed	fixed	fixed	fixed	Applied preserving Item41 cleanup in this file.	No retained branch-local issue after cleanup; broader risks are logged separately when applicable.	Focused Item41 tests passed; final gates pending.	none
grazel-gradle-plugin/src/test/kotlin/com/grab/grazel/util/ProgressLoggerTest.kt	test	parent+subagents	no_issue	no_issue	no_issue	no_issue	no_issue	no_issue	no_issue	Reviewed by deterministic inventory and scoped Item41 audits.	No preserving branch-local source-shape issue identified.	Inventory/subagent audit; final gates pending.	none
